<?xml version="1.0" encoding="UTF-8"?>
<project-private xmlns="http://www.netbeans.org/ns/project-private/1">
    <editor-bookmarks xmlns="http://www.netbeans.org/ns/editor-bookmarks/2" lastBookmarkId="0"/>
    <open-files xmlns="http://www.netbeans.org/ns/projectui-open-files/2">
        <group name="Group 20150302-01:11:29"/>
        <group>
            <file>file:/E:/Piscitelli/ArduinoSerialIO/src/serialPortHandler.java</file>
            <file>file:/E:/Piscitelli/ArduinoSerialIO/src/main.java</file>
        </group>
    </open-files>
</project-private>
